{
  "posts": [
    {
      "id": 1,
      "image": "/assets/images/posts/1.png",
      "tags": [
        {
          "id": 1,
          "name": "Designer"
        },
        {
          "id": 2,
          "name": "Heath"
        },
        {
          "id": 3,
          "name": "Color"
        }
      ],
      "user": {
        "id": 1,
        "fullName": "Minta Busson",
        "nickName": "mbusson0",
        "email": "mbusson0@webmd.com",
        "gender": "n/a",
        "avatar": "https://picsum.photos/200",
        "bio": "streamline best-of-breed e-markets"
      },
      "type": "image",
      "title": "Designers in Residence explores mental health in black British communities",
      "publicDate": "2020-11-02T02:05:54Z",
      "isTrending": true,
      "category": {
        "id": 1,
        "name": "Design",
        "key": "design",
        "quantity": 12,
        "image": "/assets/images/backgrounds/category-1.png"
      },
      "description": "Other projects from this year’s all-female line-up looked at our relationship to microbes in cities and Nigerian textiles.",
      "comments": [
        {
          "id": 1,
          "publicDate": "Tue Apr 06 2021 00:23:09 GMT+0700",
          "favourite": 12,
          "shared": 1,
          "content": "Lorem ipsum dolor sit amet, consectetur adipiscing elit, sed do eiusmod tempor incididunt ut labore aliqua. Quis ipsum suspendisse ultrices gravida lacus vel facilisis.",
          "user": {
            "id": 1,
            "name": "Melo",
            "avatar": "https://picsum.photos/300"
          },
          "replies": [
            {
              "id": 2,
              "user": {
                "id": 2,
                "name": "Brandon Kelley",
                "avatar": "https://picsum.photos/300"
              },
              "publicDate": "Tue Apr 06 2021 00:23:09 GMT+0700",
              "favourite": 12,
              "shared": 1,
              "content": "Lorem ipsum dolor sit amet, consectetur adipiscing elit, sed do eiusmod tempor incididunt ut labore aliqua. Quis ipsum suspendisse ultrices gravida lacus vel facilisis."
            }
          ]
        },
        {
          "id": 3,
          "publicDate": "Tue Apr 06 2021 00:23:09 GMT+0700",
          "favourite": 8,
          "shared": 3,
          "content": "Sed do eiusmod tempor incididunt ut labore aliqua. Quis ipsum suspendisse ultrices gravida lacus vel facilisis.",
          "user": {
            "id": 2,
            "name": "Brandon Kelley",
            "avatar": "https://picsum.photos/300"
          }
        }
      ]
    },
    {
      "id": 22,
      "audio": "https://soundcloud.com/weareofenbach/ofenbach-you-dont-know-me-feat-brodie-barclay",
      "user": {
        "id": 1,
        "fullName": "Minta Busson",
        "nickName": "mbusson0",
        "email": "mbusson0@webmd.com",
        "gender": "n/a",
        "avatar": "https://picsum.photos/200",
        "bio": "streamline best-of-breed e-markets"
      },
      "type": "audio",
      "title": "Dyson designs product to remove formaldehyde from the home",
      "publicDate": "2020-11-01T13:56:00Z",
      "category": {
        "id": 1,
        "name": "Design",
        "key": "design",
        "quantity": 12,
        "image": "/assets/images/backgrounds/category-1.png"
      },
      "description": "The air purifier features new sensing technology to destroy potentially dangerous indoor pollutants, thereby ensuring a cleaner home environment."
    },
    {
      "id": 3,
      "image": "/assets/images/posts/3.png",
      "user": {
        "id": 1,
        "fullName": "Minta Busson",
        "nickName": "mbusson0",
        "email": "mbusson0@webmd.com",
        "gender": "n/a",
        "avatar": "https://picsum.photos/200",
        "bio": "streamline best-of-breed e-markets"
      },
      "type": "image",
      "title": "Government seeks expressions of interest for design of £5m obesity app",
      "publicDate": "2020-09-10T16:27:32Z",
      "category": {
        "id": 1,
        "name": "Design",
        "key": "design",
        "quantity": 12,
        "image": "/assets/images/backgrounds/category-1.png"
      },
      "description": "Incentivised apps would use financial rewards to increase levels of physical activity and improve dietary choices among adults."
    },
    {
      "id": 4,
      "image": ["/assets/images/posts/5.png", "/assets/images/posts/7.png"],
      "user": {
        "id": 1,
        "fullName": "Minta Busson",
        "nickName": "mbusson0",
        "email": "mbusson0@webmd.com",
        "gender": "n/a",
        "avatar": "https://picsum.photos/200",
        "bio": "streamline best-of-breed e-markets"
      },
      "type": "slide",
      "title": "Product design’s gender crisis: “If businesses don’t adapt they’ll become obsolete",
      "publicDate": "2020-11-01T13:56:00Z",
      "category": {
        "id": 1,
        "name": "Design",
        "key": "design",
        "quantity": 12,
        "image": "/assets/images/backgrounds/category-1.png"
      },
      "description": "Kinneir Dufort CEO Merle Hall talks inequality in industrial design, untapped business potential and the studio’s new female-centred department."
    },
    {
      "id": 5,
      "image": "/assets/images/posts/5.png",
      "user": {
        "id": 1,
        "fullName": "Minta Busson",
        "nickName": "mbusson0",
        "email": "mbusson0@webmd.com",
        "gender": "n/a",
        "avatar": "https://picsum.photos/200",
        "bio": "streamline best-of-breed e-markets"
      },
      "type": "image",
      "title": "Motion Design Spotlight — Sam Burton",
      "publicDate": "2020-06-18T11:54:46Z",
      "category": {
        "id": 1,
        "name": "Design",
        "key": "design",
        "quantity": 12,
        "image": "/assets/images/backgrounds/category-1.png"
      },
      "description": "Sam Burton is a freelance motion designer and animator. For the last 10 years, he has worked across a large variety of projects including animated commercials, broadcast design, music videos and pretty much everything in between"
    },
    {
      "id": 6,
      "image": "/assets/images/posts/6.png",
      "user": {
        "id": 2,
        "fullName": "Sheelah Stiven",
        "nickName": "sstiven1",
        "email": "sstiven1@webeden.co.uk",
        "gender": "female",
        "avatar": "https://picsum.photos/200",
        "bio": "maximize B2C vortals"
      },
      "type": "image",
      "title": "DixonBaxi unifies Hulu’s identity in rebrand",
      "publicDate": "2020-08-13T21:09:08Z",
      "category": {
        "id": 2,
        "name": "Graphic",
        "key": "graphic",
        "quantity": 6,
        "image": "/assets/images/backgrounds/category-2.png"
      },
      "description": "The new look aims to simplify the entertainment platform’s identity, while “keeping hold of the swagger” that viewers know and love"
    },
    {
      "id": 7,
      "image": "/assets/images/posts/7.png",
      "user": {
        "id": 2,
        "fullName": "Sheelah Stiven",
        "nickName": "sstiven1",
        "email": "sstiven1@webeden.co.uk",
        "gender": "female",
        "avatar": "https://picsum.photos/200",
        "bio": "maximize B2C vortals"
      },
      "type": "image",
      "title": "Metus sapien ut nunc vestibulum ante ipsum primis in faucibus",
      "publicDate": "2020-07-14T20:56:10Z",
      "isTrending": true,
      "category": {
        "id": 1,
        "name": "Design",
        "key": "design",
        "quantity": 12,
        "image": "/assets/images/backgrounds/category-1.png"
      },
      "description": "eget orci vehicula condimentum curabitur in libero ut massa volutpat convallis morbi odio odio elementum eu interdum eu tincidunt in"
    },
    {
      "id": 8,
      "image": "/assets/images/posts/8.png",
      "user": {
        "id": 2,
        "fullName": "Sheelah Stiven",
        "nickName": "sstiven1",
        "email": "sstiven1@webeden.co.uk",
        "gender": "female",
        "avatar": "https://picsum.photos/200",
        "bio": "maximize B2C vortals"
      },
      "type": "image",
      "title": "Dyson designs product to remove formaldehyde from the home",
      "publicDate": "2020-02-23T15:27:51Z",
      "isTrending": true,
      "category": {
        "id": 2,
        "name": "Graphic",
        "key": "graphic",
        "quantity": 6,
        "image": "/assets/images/backgrounds/category-2.png"
      },
      "description": "The air purifier features new sensing technology to destroy potentially dangerous indoor pollutants, thereby ensuring a cleaner home environment"
    },
    {
      "id": 9,
      "image": "/assets/images/posts/9.png",
      "user": {
        "id": 3,
        "fullName": "Helga Mapstone",
        "nickName": "hmapstone2",
        "email": "hmapstone2@merriam-webster.com",
        "gender": "male",
        "avatar": "https://picsum.photos/200",
        "bio": "utilize real-time networks"
      },
      "type": "image",
      "title": "Assistant Manager",
      "publicDate": "2020-10-21T03:30:42Z",
      "isTrending": true,
      "category": {
        "id": 2,
        "name": "Graphic",
        "key": "graphic",
        "quantity": 6,
        "image": "/assets/images/backgrounds/category-2.png"
      },
      "description": "turpis nec euismod scelerisque quam turpis adipiscing lorem vitae mattis nibh ligula nec sem duis aliquam convallis nunc"
    },
    {
      "id": 10,
      "image": ["/assets/images/posts/8.png", "/assets/images/posts/9.png", "/assets/images/posts/10.png"],
      "user": {
        "id": 3,
        "fullName": "Helga Mapstone",
        "nickName": "hmapstone2",
        "email": "hmapstone2@merriam-webster.com",
        "gender": "male",
        "avatar": "https://picsum.photos/200",
        "bio": "utilize real-time networks"
      },
      "type": "slide",
      "title": "Interiors inspiration: Design Week favourite recent projects",
      "publicDate": "2020-11-01T13:56:00Z",
      "category": {
        "id": 2,
        "name": "Graphic",
        "key": "graphic",
        "quantity": 6,
        "image": "/assets/images/backgrounds/category-2.png"
      },
      "description": "These interiors projects have caught our eye from the world of hospitality, retail and workplace."
    },
    {
      "id": 11,
      "image": "/assets/images/posts/11.png",
      "user": {
        "id": 3,
        "fullName": "Helga Mapstone",
        "nickName": "hmapstone2",
        "email": "hmapstone2@merriam-webster.com",
        "gender": "male",
        "avatar": "https://picsum.photos/200",
        "bio": "utilize real-time networks"
      },
      "title": "Concept Branding for Climate Change Conference",
      "publicDate": "2020-11-01T13:56:00Z",
      "isTrending": true,
      "category": {
        "id": 2,
        "name": "Graphic",
        "key": "graphic",
        "quantity": 6,
        "image": "/assets/images/backgrounds/category-2.png"
      },
      "description": "Shangning Wang shared a personal project/ concept project/ student thesis project for the branding for COP 25 UN Climate Change Conference"
    },
    {
      "id": 12,
      "image": "/assets/images/posts/12.png",
      "user": {
        "id": 3,
        "fullName": "Helga Mapstone",
        "nickName": "hmapstone2",
        "email": "hmapstone2@merriam-webster.com",
        "gender": "male",
        "avatar": "https://picsum.photos/200",
        "bio": "utilize real-time networks"
      },
      "type": "image",
      "title": "Don’t fall behind! Why now's the time to learn UI and UX",
      "publicDate": "2020-11-01T13:56:00Z",
      "category": {
        "id": 2,
        "name": "Graphic",
        "key": "graphic",
        "quantity": 6,
        "image": "/assets/images/backgrounds/category-2.png"
      },
      "description": "South London act Sex Cells is a brilliantly beguiling duo, Willow Vincent and Matt Kilda, that mixes influences as divergent as the psychedelic '60s/'70s synth sounds"
    },
    {
      "id": 13,
      "image": "/assets/images/posts/13.png",
      "user": {
        "id": 4,
        "fullName": "Bord Sicely",
        "nickName": "bsicely3",
        "email": "bsicely3@blogspot.com",
        "gender": "n/a",
        "avatar": "https://picsum.photos/200",
        "bio": "incentivize B2C systems"
      },
      "type": "image",
      "title": "Sex Cells' music video is a masterclass in how to shoot on a £28 budget",
      "publicDate": "2020-11-01T13:56:00Z",
      "category": {
        "id": 3,
        "name": "Illustrator",
        "key": "illustrator",
        "quantity": 15,
        "image": "/assets/images/backgrounds/category-3.png"
      },
      "description": "What career can I study that's future-proof? With everything from lockdown to the rise of AI threatening previously stable professions, you're right to ask that question."
    },
    {
      "id": 14,
      "image": "/assets/images/posts/14.png",
      "user": {
        "id": 4,
        "fullName": "Bord Sicely",
        "nickName": "bsicely3",
        "email": "bsicely3@blogspot.com",
        "gender": "n/a",
        "avatar": "https://picsum.photos/200",
        "bio": "incentivize B2C systems"
      },
      "type": "image",
      "title": "Product design’s gender crisis: “If businesses don’t adapt they’ll become obsolete”",
      "publicDate": "2020-11-01T13:56:00Z",
      "category": {
        "id": 3,
        "name": "Illustrator",
        "key": "illustrator",
        "quantity": 15,
        "image": "/assets/images/backgrounds/category-3.png"
      },
      "description": "Kinneir Dufort CEO Merle Hall talks inequality in industrial design, untapped business potential and the studio’s new female-centred department"
    },
    {
      "id": 24,
      "video": "https://vimeo.com/501090322",
      "user": {
        "id": 4,
        "fullName": "Bord Sicely",
        "nickName": "bsicely3",
        "email": "bsicely3@blogspot.com",
        "gender": "n/a",
        "avatar": "https://picsum.photos/200",
        "bio": "incentivize B2C systems"
      },
      "type": "video",
      "title": "Revealing the eccentricities behind one of the world's most famous images",
      "publicDate": "2020-11-01T13:56:00Z",
      "category": {
        "id": 3,
        "name": "Illustrator",
        "key": "illustrator",
        "quantity": 15,
        "image": "/assets/images/backgrounds/category-3.png"
      },
      "description": "For most people in the West, at least, if they had to describe one iconic piece from Japanese art history, it's more-than-likely that they'd name that arresting burst of brine, The Great Wave – or to give it its full title, The Great Wave off Kanagawa."
    },
    {
      "id": 14,
      "image": ["/assets/images/posts/15.png", "/assets/images/posts/16.png", "/assets/images/posts/17.png"],
      "user": {
        "id": 4,
        "fullName": "Bord Sicely",
        "nickName": "bsicely3",
        "email": "bsicely3@blogspot.com",
        "gender": "n/a",
        "avatar": "https://picsum.photos/200",
        "bio": "incentivize B2C systems"
      },
      "title": "How to up your remote working game for 2021",
      "type": "split",
      "publicDate": "2020-11-01T13:56:00Z",
      "category": {
        "id": 3,
        "name": "Illustrator",
        "key": "illustrator",
        "quantity": 15,
        "image": "/assets/images/backgrounds/category-3.png"
      },
      "description": "Originally from Detroit, Justine Allenette Ross is an American illustrator who focuses on human interaction, blackness, and playful observation"
    },
    {
      "id": 18,
      "image": "/assets/images/posts/18.png",
      "user": {
        "id": 4,
        "fullName": "Bord Sicely",
        "nickName": "bsicely3",
        "email": "bsicely3@blogspot.com",
        "gender": "n/a",
        "avatar": "https://picsum.photos/200",
        "bio": "incentivize B2C systems"
      },
      "type": "image",
      "title": "Justine Allenette Ross on black utopias, black trauma, and the power of visual language",
      "publicDate": "2020-11-01T13:56:00Z",
      "category": {
        "id": 4,
        "name": "Typography",
        "key": "typography",
        "quantity": 8,
        "image": "/assets/images/backgrounds/category-4.png"
      },
      "description": "elit proin risus praesent lectus vestibulum quam sapien varius ut blandit non interdum in"
    },
    {
      "id": 19,
      "image": "/assets/images/posts/19.png",
      "user": {
        "id": 5,
        "fullName": "Arturo Syrad",
        "nickName": "asyrad4",
        "email": "asyrad4@merriam-webster.com",
        "gender": "male",
        "avatar": "https://picsum.photos/200",
        "bio": "exploit impactful channels"
      },
      "type": "image",
      "title": "Boats and Other Phallic Symbols: The Extraordinary Life of Yayoi Kusama",
      "publicDate": "2020-11-01T13:56:00Z",
      "category": {
        "id": 4,
        "name": "Typography",
        "key": "typography",
        "quantity": 8,
        "image": "/assets/images/backgrounds/category-4.png"
      },
      "description": "A new book in publisher Laurence King's Lives of Artists series is published later this month, detailing the incredible life of Yayoi Kusama"
    },
    {
      "id": 20,
      "image": "/assets/images/posts/20.png",
      "user": {
        "id": 5,
        "fullName": "Arturo Syrad",
        "nickName": "asyrad4",
        "email": "asyrad4@merriam-webster.com",
        "gender": "male",
        "avatar": "https://picsum.photos/200",
        "bio": "exploit impactful channels"
      },
      "type": "image",
      "title": "Why more creatives are turning to postgraduate study during a global pandemic",
      "publicDate": "2020-11-01T13:56:00Z",
      "category": {
        "id": 4,
        "name": "Typography",
        "key": "typography",
        "quantity": 8,
        "image": "/assets/images/backgrounds/category-4.png"
      },
      "description": "The global pandemic hasn't just made us notice glorious birdsong each day or learn how to make banana bread; it's shone a light on our entire lives"
    },
    {
      "id": 24,
      "image": ["/assets/images/posts/20.png", "/assets/images/posts/19.png", "/assets/images/posts/18.png"],
      "user": {
        "id": 5,
        "fullName": "Arturo Syrad",
        "nickName": "asyrad4",
        "email": "asyrad4@merriam-webster.com",
        "gender": "male",
        "avatar": "https://picsum.photos/200",
        "bio": "exploit impactful channels"
      },
      "type": "slide",
      "title": "Bulletproof rebrands little Easter icons, Cadbury's Mini Eggs",
      "publicDate": "2020-11-01T13:56:00Z",
      "category": {
        "id": 4,
        "name": "Typography",
        "key": "typography",
        "quantity": 8,
        "image": "/assets/images/backgrounds/category-4.png"
      },
      "description": "Cadbury has unveiled a new look for its iconic Mini Eggs, created in collaboration with strategic brand design agency Bulletproof that encourages hiding and sharing, at any time of the year"
    },
    {
      "id": 21,
      "audio": "https://soundcloud.com/spinninrecords/mesto-leyla-out-now",
      "user": {
        "id": 5,
        "fullName": "Arturo Syrad",
        "nickName": "asyrad4",
        "email": "asyrad4@merriam-webster.com",
        "gender": "male",
        "avatar": "https://picsum.photos/200",
        "bio": "exploit impactful channels"
      },
      "type": "audio",
      "title": "Cat How on a life of adventure and building a design studio in Lisbon",
      "publicDate": "2020-11-01T13:56:00Z",
      "category": {
        "id": 4,
        "name": "Typography",
        "key": "typography",
        "quantity": 8,
        "image": "/assets/images/backgrounds/category-4.png"
      },
      "description": "This week's guest is Cat How, a creative director and co-founder of How&How, a creative agency which she runs with her husband Roger."
    },
    {
      "id": 2,
      "image": "/assets/images/posts/2.png",
      "user": {
        "id": 5,
        "fullName": "Arturo Syrad",
        "nickName": "asyrad4",
        "email": "asyrad4@merriam-webster.com",
        "gender": "male",
        "avatar": "https://picsum.photos/200",
        "bio": "exploit impactful channels"
      },
      "type": "image",
      "title": "VP Quality Control",
      "publicDate": "2021-01-23T04:37:08Z",
      "isTrending": true,
      "category": {
        "id": 4,
        "name": "Typography",
        "key": "typography",
        "quantity": 8,
        "image": "/assets/images/backgrounds/category-4.png"
      },
      "description": "ut mauris eget massa tempor convallis nulla neque libero convallis"
    },
    {
      "id": 23,
      "video": "https://www.youtube.com/watch?v=siCmqvfw_1g",
      "user": {
        "id": 5,
        "fullName": "Arturo Syrad",
        "nickName": "asyrad4",
        "email": "asyrad4@merriam-webster.com",
        "gender": "male",
        "avatar": "https://picsum.photos/200",
        "bio": "exploit impactful channels"
      },
      "type": "video",
      "title": "This Is Still Not A Book by Jean Jullien is as cheeky and charming as before",
      "publicDate": "2020-11-01T13:56:00Z",
      "category": {
        "id": 4,
        "name": "Typography",
        "key": "typography",
        "quantity": 8,
        "image": "/assets/images/backgrounds/category-4.png"
      },
      "description": "When Jean Jullien published This Is Not A Book in 2016, it was hailed as one of the best books for children by the media, booksellers and librarians alike"
    }
  ],
  "post-categories": [
    {
      "id": 1,
      "name": "Design",
      "key": "design",
      "quantity": 12,
      "image": "/assets/images/backgrounds/category-1.png"
    },
    {
      "id": 2,
      "name": "Graphic",
      "key": "graphic",
      "quantity": 6,
      "image": "/assets/images/backgrounds/category-2.png"
    },
    {
      "id": 3,
      "name": "Illustrator",
      "key": "illustrator",
      "quantity": 15,
      "image": "/assets/images/backgrounds/category-3.png"
    },
    {
      "id": 4,
      "name": "Typography",
      "key": "typography",
      "quantity": 8,
      "image": "/assets/images/backgrounds/category-4.png"
    }
  ],
  "videos": [
    {
      "id": 1,
      "title": "Illustration/Fragment",
      "url": "https://vimeo.com/118394674",
      "duration": 225,
      "thumbnail": "/assets/images/posts/sea/video/1.png"
    },
    {
      "id": 2,
      "title": "The Lost Sound | 失われた音",
      "url": "https://vimeo.com/506669951",
      "duration": 212,
      "thumbnail": "/assets/images/posts/sea/video/2.png"
    },
    {
      "id": 3,
      "title": "How to Tell Stories through Illustrations with Djamila Knopf",
      "url": "https://www.youtube.com/watch?v=E55xL9XO1S0",
      "duration": 25,
      "thumbnail": "/assets/images/posts/sea/video/3.png"
    },
    {
      "id": 4,
      "title": "Fill your Art with Character with Max Ulichney",
      "url": "https://www.youtube.com/watch?v=NYDsl3PHo4k",
      "duration": 361,
      "thumbnail": "/assets/images/posts/sea/video/4.png"
    },
    {
      "id": 5,
      "title": "Max & Ruby - Max's Work of Art / Max Meet Morris / Ruby's Scavenger Hunt - 14",
      "url": "https://www.dailymotion.com/video/x472bu1",
      "duration": 361,
      "thumbnail": "/assets/images/posts/sea/video/4.png"
    },
    {
      "id": 6,
      "title": "The Croods 2 A New Age Official Trailer (Universal Pictures)",
      "url": "https://www.dailymotion.com/video/x7wcwjb",
      "duration": 361,
      "thumbnail": "/assets/images/posts/sea/video/4.png"
    }
  ],
  "author": [
    {
      "id": 1,
      "fullName": "Minta Busson",
      "nickName": "mbusson0",
      "email": "mbusson0@webmd.com",
      "gender": "n/a",
      "avatar": "https://picsum.photos/200",
      "bio": "streamline best-of-breed e-markets"
    },
    {
      "id": 2,
      "fullName": "Sheelah Stiven",
      "nickName": "sstiven1",
      "email": "sstiven1@webeden.co.uk",
      "gender": "female",
      "avatar": "https://picsum.photos/200",
      "bio": "maximize B2C vortals"
    },
    {
      "id": 3,
      "fullName": "Helga Mapstone",
      "nickName": "hmapstone2",
      "email": "hmapstone2@merriam-webster.com",
      "gender": "male",
      "avatar": "https://picsum.photos/200",
      "bio": "utilize real-time networks"
    },
    {
      "id": 4,
      "fullName": "Bord Sicely",
      "nickName": "bsicely3",
      "email": "bsicely3@blogspot.com",
      "gender": "n/a",
      "avatar": "https://picsum.photos/200",
      "bio": "incentivize B2C systems"
    },
    {
      "id": 5,
      "fullName": "Arturo Syrad",
      "nickName": "asyrad4",
      "email": "asyrad4@merriam-webster.com",
      "gender": "male",
      "avatar": "https://picsum.photos/200",
      "bio": "exploit impactful channels"
    }
  ],
  "products": [
    {
      "id": 1,
      "name": "Macrotyloma (Wight & Arn.) Verdc.",
      "brand": "Librax",
      "rate": 5,
      "price": 100,
      "discountPrice": 79,
      "description": "Osteomyelitis of vertebra, thoracolumbar region",
      "quantity": 37,
      "cover": "/assets/images/pages/shop/products/1.png",
      "images": [
        "/assets/images/pages/shop/products/1.png",
        "/assets/images/pages/shop/products/2.png",
        "/assets/images/pages/shop/products/3.png",
        "/assets/images/pages/shop/products/4.png"
      ],
      "tags": [
        {
          "id": 1,
          "name": "Design"
        },
        {
          "id": 2,
          "name": "Character"
        },
        {
          "id": 3,
          "name": "Product"
        },
        {
          "id": 4,
          "name": "Robot"
        },
        {
          "id": 5,
          "name": "Ui"
        }
      ],
      "categories": {
        "id": 1,
        "name": "Illustrator"
      },
      "sku": "0187-4100",
      "reviews": [
        {
          "id": 1,
          "publicDate": "Tue Apr 06 2021 00:23:09 GMT+0700",
          "rate": 5,
          "content": "Lorem ipsum dolor sit amet, consectetur adipiscing elit, sed do eiusmod tempor incididunt ut labore aliqua. Quis ipsum suspendisse ultrices gravida lacus vel facilisis.",
          "user": {
            "id": 1,
            "name": "Melo",
            "avatar": "https://picsum.photos/300"
          }
        },
        {
          "id": 3,
          "publicDate": "Tue Apr 06 2021 00:23:09 GMT+0700",
          "rate": 4,
          "content": "Sed do eiusmod tempor incididunt ut labore aliqua. Quis ipsum suspendisse ultrices gravida lacus vel facilisis.",
          "user": {
            "id": 2,
            "name": "Brandon Kelley",
            "avatar": "https://picsum.photos/300"
          }
        }
      ]
    },
    {
      "id": 2,
      "name": "Tipuana tipu (Benth.) Kuntze",
      "brand": "Saltbush",
      "rate": 1,
      "price": 99,
      "description": "Other injury of ascending [right] colon, subsequent encounter",
      "quantity": 28,
      "cover": "/assets/images/pages/shop/products/2.png",
      "images": [
        "/assets/images/pages/shop/products/2.png",
        "/assets/images/pages/shop/products/3.png",
        "/assets/images/pages/shop/products/4.png",
        "/assets/images/pages/shop/products/5.png"
      ],
      "tags": [],
      "categories": {
        "id": 1,
        "name": "Illustrator"
      },
      "sku": "36987-3418"
    },
    {
      "id": 3,
      "name": "Thelypteris forsteri Morton",
      "brand": "FAMOTIDINE",
      "rate": 4,
      "price": 105,
      "discountPrice": 25,
      "description": "Adverse effect of other psychotropic drugs, initial encounter",
      "quantity": 86,
      "cover": "/assets/images/pages/shop/products/3.png",
      "images": [
        "/assets/images/pages/shop/products/3.png",
        "/assets/images/pages/shop/products/4.png",
        "/assets/images/pages/shop/products/5.png",
        "/assets/images/pages/shop/products/6.png"
      ],
      "tags": [],
      "categories": {
        "id": 1,
        "name": "Illustrator"
      },
      "sku": "64679-972"
    },
    {
      "id": 4,
      "name": "Lewisia cotyledon (S. Watson) B.L. Rob. var. howellii (S. Watson) Jeps.",
      "brand": "Cepacol",
      "rate": 0,
      "price": 59,
      "description": "Unspecified soft tissue disorder related to use, overuse and pressure, left hand",
      "quantity": 78,
      "cover": "/assets/images/pages/shop/products/4.png",
      "images": [
        "/assets/images/pages/shop/products/4.png",
        "/assets/images/pages/shop/products/5.png",
        "/assets/images/pages/shop/products/6.png",
        "/assets/images/pages/shop/products/7.png"
      ],
      "tags": [],
      "categories": {
        "id": 2,
        "name": "Photoshop"
      },
      "sku": "63824-741"
    },
    {
      "id": 5,
      "name": "Lesquerella hemiphysaria Maguire",
      "brand": "Hydralazine Hydrochloride",
      "rate": 4,
      "price": 48,
      "discountPrice": 52,
      "description": "Degeneration of iris (pigmentary)",
      "quantity": 97,
      "cover": "/assets/images/pages/shop/products/5.png",
      "images": [],
      "tags": [],
      "categories": {
        "id": 2,
        "name": "Photoshop"
      },
      "sku": "54569-0517"
    },
    {
      "id": 6,
      "name": "Vaccinium myrtilloides Michx.",
      "brand": "good sense ibuprofen",
      "rate": 4,
      "price": 38,
      "description": "Hereditary lymphedema",
      "quantity": 53,
      "cover": "/assets/images/pages/shop/products/6.png",
      "images": [
        "/assets/images/pages/shop/products/6.png",
        "/assets/images/pages/shop/products/7.png",
        "/assets/images/pages/shop/products/8.png",
        "/assets/images/pages/shop/products/9.png"
      ],
      "tags": [],
      "categories": "Crimson-breasted shrike",
      "sku": "42254-117"
    },
    {
      "id": 7,
      "name": "Dorema D. Don",
      "brand": "SIMETHICONE",
      "rate": 2,
      "price": 150,
      "discountPrice": 58,
      "description": "Nondisplaced comminuted fracture of shaft of left femur, subsequent encounter for open fracture type I or II with malunion",
      "quantity": 21,
      "cover": "/assets/images/pages/shop/products/7.png",
      "images": [
        "/assets/images/pages/shop/products/7.png",
        "/assets/images/pages/shop/products/8.png",
        "/assets/images/pages/shop/products/9.png",
        "/assets/images/pages/shop/products/1.png"
      ],
      "tags": [],
      "categories": {
        "id": 2,
        "name": "Photoshop"
      },
      "sku": "68210-1901"
    },
    {
      "id": 8,
      "name": "Conocarpus L.",
      "brand": "citalopram hydrobromide",
      "rate": 1,
      "price": 113,
      "description": "Displaced transverse fracture of shaft of right tibia, subsequent encounter for open fracture type I or II with routine healing",
      "quantity": 18,
      "cover": "/assets/images/pages/shop/products/8.png",
      "images": [
        "/assets/images/pages/shop/products/8.png",
        "/assets/images/pages/shop/products/9.png",
        "/assets/images/pages/shop/products/1.png",
        "/assets/images/pages/shop/products/2.png"
      ],
      "tags": [],
      "categories": {
        "id": 2,
        "name": "Photoshop"
      },
      "sku": "53808-0922"
    },
    {
      "id": 9,
      "name": "Symphyotrichum lateriflorum (L.) Á. Löve & D. Löve var. angustifolium (Wiegand) G.L. Nesom",
      "brand": "COVER FX PROTECTION PRIMER",
      "rate": 4,
      "price": 46,
      "description": "Other fracture of first metacarpal bone, left hand, subsequent encounter for fracture with routine healing",
      "quantity": 4,
      "cover": "/assets/images/pages/shop/products/9.png",
      "images": [
        "/assets/images/pages/shop/products/9.png",
        "/assets/images/pages/shop/products/1.png",
        "/assets/images/pages/shop/products/2.png",
        "/assets/images/pages/shop/products/3.png"
      ],
      "tags": [],
      "categories": {
        "id": 3,
        "name": "Sketch"
      },
      "sku": "68327-011"
    },
    {
      "id": 10,
      "name": "Claoxylon A. Juss.",
      "brand": "Duck Feather",
      "rate": 2,
      "price": 64,
      "discountPrice": 42,
      "description": "Corrosion of second degree of left ankle and foot, sequela",
      "quantity": 41,
      "cover": "/assets/images/pages/shop/products/1.png",
      "images": [
        "/assets/images/pages/shop/products/1.png",
        "/assets/images/pages/shop/products/2.png",
        "/assets/images/pages/shop/products/3.png",
        "/assets/images/pages/shop/products/4.png"
      ],
      "tags": [],
      "categories": "Cape white-eye",
      "sku": "49288-0167"
    },
    {
      "id": 11,
      "name": "Dodonaea viscosa (L.) Jacq. ssp. angustissima (DC.) J.G. West",
      "brand": "napoleon PERDIS FOUNDATION STICK BROAD SPECTRUM SPF 15 Look 4",
      "rate": 3,
      "price": 124,
      "description": "Contusion of left ring finger with damage to nail, initial encounter",
      "quantity": 65,
      "cover": "/assets/images/pages/shop/products/2.png",
      "images": [
        "/assets/images/pages/shop/products/2.png",
        "/assets/images/pages/shop/products/3.png",
        "/assets/images/pages/shop/products/4.png",
        "/assets/images/pages/shop/products/5.png"
      ],
      "tags": [],
      "categories": "Dunnart, fat-tailed",
      "sku": "51386-734"
    },
    {
      "id": 12,
      "name": "Lepechinia rossii S. Boyd & Mistretta",
      "brand": "Hydrocortisone",
      "rate": 0,
      "price": 88,
      "description": "Epidural hemorrhage with loss of consciousness greater than 24 hours with return to pre-existing conscious level, subsequent encounter",
      "quantity": 80,
      "cover": "/assets/images/pages/shop/products/3.png",
      "images": [
        "/assets/images/pages/shop/products/3.png",
        "/assets/images/pages/shop/products/4.png",
        "/assets/images/pages/shop/products/5.png",
        "/assets/images/pages/shop/products/6.png"
      ],
      "tags": [],
      "categories": {
        "id": 3,
        "name": "Sketch"
      },
      "sku": "0603-7785"
    },
    {
      "id": 13,
      "name": "Angiopteris Hoffm.",
      "brand": "Divalproex Sodium",
      "rate": 3,
      "price": 45,
      "description": "Age-related osteoporosis with current pathological fracture, unspecified femur, subsequent encounter for fracture with nonunion",
      "quantity": 39,
      "cover": "/assets/images/pages/shop/products/4.png",
      "images": [
        "/assets/images/pages/shop/products/4.png",
        "/assets/images/pages/shop/products/5.png",
        "/assets/images/pages/shop/products/6.png",
        "/assets/images/pages/shop/products/7.png"
      ],
      "tags": [],
      "categories": {
        "id": 4,
        "name": "Figma"
      },
      "sku": "0378-0472"
    },
    {
      "id": 14,
      "name": "Ficus carica L.",
      "brand": "Lunesta",
      "rate": 2,
      "price": 64,
      "discountPrice": 40,
      "description": "Salter-Harris Type IV physeal fracture of lower end of radius, left arm, subsequent encounter for fracture with nonunion",
      "quantity": 78,
      "cover": "/assets/images/pages/shop/products/5.png",
      "images": [
        "/assets/images/pages/shop/products/5.png",
        "/assets/images/pages/shop/products/6.png",
        "/assets/images/pages/shop/products/7.png",
        "/assets/images/pages/shop/products/8.png"
      ],
      "tags": [],
      "categories": {
        "id": 4,
        "name": "Figma"
      },
      "sku": "63402-193"
    }
  ],
  "product-categories": [
    {
      "id": 1,
      "name": "Illustrator"
    },
    {
      "id": 2,
      "name": "Photoshop"
    },
    {
      "id": 3,
      "name": "Sketch"
    },
    {
      "id": 4,
      "name": "Figma"
    }
  ],
  "product-tags": [
    {
      "id": 1,
      "name": "Design"
    },
    {
      "id": 2,
      "name": "Character"
    },
    {
      "id": 3,
      "name": "Product"
    },
    {
      "id": 4,
      "name": "Robot"
    },
    {
      "id": 5,
      "name": "Ui"
    },
    {
      "id": 5,
      "name": "Web design"
    }
  ],
  "cart": []
}
